num_vertices,num_faces,bbox_min_x,bbox_min_y,bbox_min_z,bbox_max_x,bbox_max_y,bbox_max_z,bbox_diagonal,bbox_extent_x,bbox_extent_y,bbox_extent_z,surface_area,boundary_edge_count,nonmanifold_edge_count,normal_variation_mean,normal_variation_max,triangle_area_mean,triangle_area_min,triangle_area_max,triangle_area_std,triangle_area_p95,edge_length_mean,edge_length_min,edge_length_max,edge_length_std,edge_length_p95,triangle_aspect_ratio_mean,triangle_aspect_ratio_min,triangle_aspect_ratio_max,triangle_aspect_ratio_std,triangle_aspect_ratio_p95,triangle_quality_mean,triangle_quality_min,triangle_quality_max,triangle_quality_std,triangle_quality_p95,local_normal_variation_mean,local_normal_variation_min,local_normal_variation_max,local_normal_variation_std,local_normal_variation_p95,mesh_name,mesh_path
35292.0,70580.0,-0.0946898981928825,0.0333307012915611,-0.0618735998868942,0.0610091015696526,0.1873210072517395,0.0587996989488602,0.2500344734404969,0.1556989997625351,0.1539903059601784,0.1206732988357544,0.05822852117429651,0.0,0.0,0.011094626816668177,0.9882618751992823,8.250003000042011e-07,9.827057806999795e-09,7.334927137689116e-06,2.1201753682936288e-07,1.1618383635295326e-06,0.0014715000894469125,0.00014469683492790783,0.004910672973680023,0.00036511159190168396,0.0019755855180716643,1.6828854461420377,1.00127644941702,11.787530663610667,0.25916297359951407,2.0447401455223266,0.835093874505776,0.01020375105686517,0.9999986130580778,0.07226638737594397,0.9478230329462939,0.011094626816668177,1.158238098023882e-09,0.7889153307078057,0.02615840869768465,0.043080850276328624,Bunny,C:\THU\projects\WoSt_Final_project-1\obj\Bunny.obj
