mesh,case,rmse_16,rmse_1024,rmse_reduction_factor_16_to_1024,mean_steps_1024,rmse_1e-2,rmse_1e-4,coarse_over_1e-4_rmse,mean_steps_1e-2,mean_steps_1e-4
bunny,dirichlet,0.0304228364043,0.00398851235171,7.627614940507024,21.4587958111,,,,,
bunny,neumann,0.041398495052,0.011408497157,3.628742198230624,34.4659584122,,,,,
bunny,dirichlet_epsilon_sweep,,,,,0.0085723680583,0.00780981924761,1.097639751511965,6.24136935318,21.3869112551
bunny,neumann_epsilon_sweep,,,,,0.152940139554,0.0124854255182,12.249493566002954,6.7528189433,32.207876933
spot,dirichlet,0.115819664561,0.0151741479088,7.6326964292889405,26.0583459655,,,,,
spot,neumann,0.252166229274,0.167100395266,1.5090702141822425,106.164197557,,,,,
spot,dirichlet_epsilon_sweep,,,,,0.0332900626449,0.033442308427,0.9954475097784492,10.919117154,25.9943082752
spot,neumann_epsilon_sweep,,,,,0.626926253784,0.186773210442,3.356617645005807,11.7073131443,102.306580219
