num_vertices,num_faces,bbox_diag,surface_area,boundary_edge_count,nonmanifold_edge_count,normal_variation_mean,normal_variation_p95,normal_variation_max,triangle_area_norm_mean,triangle_area_norm_median,triangle_area_norm_p05,triangle_area_norm_p95,triangle_area_norm_min,triangle_area_norm_max,edge_mean_norm_mean,edge_mean_norm_median,edge_mean_norm_p05,edge_mean_norm_p95,edge_mean_norm_min,edge_mean_norm_max,triangle_aspect_ratio_mean,triangle_aspect_ratio_median,triangle_aspect_ratio_p05,triangle_aspect_ratio_p95,triangle_aspect_ratio_min,triangle_aspect_ratio_max,triangle_quality_mean,triangle_quality_median,triangle_quality_p05,triangle_quality_p95,triangle_quality_min,triangle_quality_max,local_normal_variation_mean,local_normal_variation_median,local_normal_variation_p05,local_normal_variation_p95,local_normal_variation_min,local_normal_variation_max,mesh,mesh_path
35292,70580,0.2500344734404969,0.05822852117429651,0,0,0.011094626816668179,0.04270378499955735,0.9882618751992823,1.3196365156270508e-05,1.2475449273637158e-05,1.0496851952584073e-05,1.858428814828479e-05,1.5718957100050488e-07,0.00011732647479411915,0.005885188826960294,0.005729650200696358,0.005301360903678486,0.0070493737651740156,0.0013592263583048902,0.016507838036618653,1.6828854461420377,1.6767732466083847,1.3085407230278454,2.0447401455223266,1.00127644941702,11.787530663610667,0.835093874505776,0.8352340718760337,0.7273816891607952,0.9478230329462939,0.01020375105686517,0.9999986130580778,0.011094626816668177,0.004139179184127317,0.00042747145695678503,0.043080850276328624,1.158238098023882e-09,0.7889153307078057,bunny,C:\THU\projects\WoSt_Final_project-1\obj\Bunny.obj
2930,5856,2.5880900432552574,5.709518785165157,0,0,0.022225504305604472,0.10399589519953828,0.779045873331024,0.000145559204752715,0.0001425900019322884,1.4907191699720427e-05,0.0003245031035594426,3.66900283846335e-06,0.000593929215928288,0.018424566203766,0.01930979701021455,0.006813592906102385,0.028944741690538463,0.0036478344556578474,0.03727296067634994,1.6942985451785977,1.5743727550106699,1.213848162167869,2.6166350802100755,1.01352310335565,5.011326599627795,0.8353194182545218,0.8604506018452324,0.590022623910491,0.971562299612919,0.29693435868874785,0.9998486255921258,0.022225504305604472,0.010173871070783286,0.0009386688333414273,0.08138105215002307,1.739330809787572e-05,0.302137516308674,spot,C:\THU\projects\WoSt_Final_project-1\spot\spot_triangulated.obj
