mesh,mesh_variant,distance_bin,epsilon,walks,n,rmse,mean_abs_error,mean_sample_variance,mean_steps,mean_bias,mean_bias_steps
bunny,original,1,0.0001,256,21,0.04261764089382246,0.03572273769142858,0.04352586830333333,99.08835558571428,0.015594971942,100.02734367142855
bunny,original,2,0.0001,256,22,0.018649004321035938,0.015222994100454544,0.036284051237681816,61.226562504545456,0.014690138142636365,61.549538350000006
bunny,original,3,0.0001,256,23,0.0146919742560122,0.011952440681691306,0.03158220582521739,37.956182060869565,0.012906560937391304,37.9507472826087
bunny,original,4,0.0001,256,24,0.008384915229549149,0.0060013723524166675,0.01986716109995833,26.626464845833336,0.006874454983625,26.348144516666668
spot,original,1,0.0001,256,22,0.16600618148741828,0.12086766598272726,0.6901876740727272,126.84055397272728,0.05199794624454546,127.08451716818182
spot,original,2,0.0001,256,24,0.07475132240516183,0.05609073613495833,0.22881385625750003,46.830729158333334,0.0348286051275,48.36881509166667
spot,original,3,0.0001,256,24,0.02229916729848025,0.016387966605275,0.10831099237024999,28.32177733541667,0.023655995101666664,27.779459629166666
