mesh,mesh_variant,point_id,distance_bin,bin_min,bin_max,x,y,z,nearest_distance_proxy_norm,local_edge_mean_norm,local_area_norm,local_aspect_ratio,local_quality,local_normal_variation,point_index
bunny,original,0,1,0.05,0.15,-0.06708468679077509,0.11797624786416014,0.0773394231510939,0.09737175020327817,0.0055640546066623355,1.1658161306403506e-05,1.6771101699661548,0.8345503788400301,0.004748014555633229,0
bunny,original,1,1,0.05,0.15,-0.09225756624144191,0.15945208298319521,0.044373046977936786,0.06648822839078515,0.006698542607324648,1.53197013561852e-05,2.106330294698812,0.7276898808220521,0.0025474463904191502,1
bunny,original,0,2,0.15,0.3,0.02032184399623535,0.19257610185781307,-0.002205306365317322,0.1646381967620308,0.005901227003386365,1.3301397204626614e-05,1.6761065028003415,0.8466275899307658,0.0020217772316998284,2
bunny,original,1,2,0.15,0.3,-0.0995397997044055,-0.0212173687111053,0.07261712629579334,0.2952996189140681,0.005173907006910939,1.012982431669557e-05,1.6085133540228789,0.8423055781327221,0.08035621681593667,3
bunny,original,0,3,0.3,0.6,0.07755205513042882,-0.04791179773516005,-0.07356187173879081,0.47118815931129737,0.005382959141377156,9.051852071605959e-06,1.9492105706915315,0.6721488395249682,0.06375385264246218,4
bunny,original,1,3,0.3,0.6,0.17005116450410776,0.08687953994808975,-0.07635193980915067,0.5561819240696056,0.005521081039446318,1.274548175698275e-05,1.301921813432172,0.9547247539850581,0.005689193037914486,5
bunny,original,0,4,0.6,1.0,-0.11997215011444536,-0.08062633052770873,0.130840801226403,0.6255723574720307,0.005169367022023663,1.0115516565606703e-05,1.6049680667068116,0.8427670501797373,0.0382698197297198,6
bunny,original,1,4,0.6,1.0,0.04325585157836351,-0.13783695833436613,0.0760126593664334,0.7147609639398163,0.005594085194917337,1.2446365708831615e-05,1.5113271910727628,0.8941251257146124,0.034112443946133476,7
