mesh,boundary,seed,point_index,x,y,z,value,exact,abs_error,std_error,sample_variance,samples_used,mean_steps,diverged,epsilon,walks_per_point,star_queries,fast_only_star_queries,exact_star_queries,is_valid
C:\THU\projects\WoSt_Final_project-1\obj\Bunny.obj,neumann,12361,0,-0.067084685,0.117976248,0.0773394257,0.0948273093,0.128230989,0.0334036797,0.0582374446,0.054265596,16,102.9375,0,9.99999975e-05,16,1647,1467,180,1
C:\THU\projects\WoSt_Final_project-1\obj\Bunny.obj,neumann,12361,1,-0.0922575668,0.159452081,0.0443730466,0.162072614,0.111567557,0.050505057,0.035502661,0.0201670211,16,60.5625,0,9.99999975e-05,16,969,907,62,1
C:\THU\projects\WoSt_Final_project-1\obj\Bunny.obj,neumann,12361,2,0.0203218441,0.192576095,-0.00220530643,0.246339113,0.210692629,0.0356464833,0.03759031,0.0226085,16,61.75,0,9.99999975e-05,16,988,909,79,1
C:\THU\projects\WoSt_Final_project-1\obj\Bunny.obj,neumann,12361,3,-0.0995398015,-0.0212173685,0.0726171285,-0.0254731327,-0.0481400415,0.0226669088,0.0539903939,0.0466394052,16,49.625,0,9.99999975e-05,16,794,736,58,1
C:\THU\projects\WoSt_Final_project-1\obj\Bunny.obj,neumann,12361,4,0.0775520578,-0.0479117967,-0.0735618696,-0.0279504396,-0.0439216085,0.0159711689,0.0706267878,0.0798102915,16,32.1875,0,9.99999975e-05,16,515,478,37,1
C:\THU\projects\WoSt_Final_project-1\obj\Bunny.obj,neumann,12361,5,0.170051157,0.0868795365,-0.0763519406,0.205540583,0.180578768,0.0249618143,0.0396495238,0.0251533575,16,24.625,0,9.99999975e-05,16,394,356,38,1
C:\THU\projects\WoSt_Final_project-1\obj\Bunny.obj,neumann,12361,6,-0.119972147,-0.0806263313,0.130840808,-0.00606431207,-0.0697576702,0.0636933595,0.0441200696,0.0311452895,16,32.75,0,9.99999975e-05,16,524,491,33,1
C:\THU\projects\WoSt_Final_project-1\obj\Bunny.obj,neumann,12361,7,0.0432558507,-0.137836963,0.0760126561,0.0148262996,-0.0185684562,0.0333947539,0.0577247702,0.0533143841,16,23.75,0,9.99999975e-05,16,380,343,37,1
