benchmark_name,mesh_name,num_query_points,valid_points,walks_per_point,epsilon,max_steps,num_threads,elapsed_seconds,points_per_second,walks_per_second,rmse,mae,max_abs_error,mean_std_error,mean_steps,diverged_count,mean_samples_used
neumann_convergence,..\..\obj\Bunny.obj,100,99,16,9.99999975e-05,2048,8,1.1064494,90.3791895047,1431.60636175,0.041398495052,0.0292250774166,0.137968823314,0.0303854677576,30.9261363636,0,16
neumann_convergence,..\..\obj\Bunny.obj,100,99,64,9.99999975e-05,2048,8,4.4375541,22.5349365318,1427.81357866,0.0249694596414,0.0175761620842,0.107605338097,0.0166228426521,33.5192550505,0,64
neumann_convergence,..\..\obj\Bunny.obj,100,99,256,9.99999975e-05,2048,8,17.2011479,5.81356550047,1473.39004044,0.0130824408186,0.00861649757552,0.0675367414951,0.00841430137668,34.4566761364,0,256
neumann_convergence,..\..\obj\Bunny.obj,100,99,1024,9.99999975e-05,2048,8,71.0559145,1.40734238246,1426.70741364,0.011408497157,0.00580072082518,0.0693900883198,0.00421549568545,34.4659584122,0,1024
neumann_epsilon,..\..\obj\Bunny.obj,100,97,256,0.00999999978,2048,8,9.6680753,10.3433203504,2568.45330942,0.152940139554,0.0761278854832,0.804762169719,0.0191722029806,6.7528189433,0,256
neumann_epsilon,..\..\obj\Bunny.obj,100,97,256,0.00100000005,2048,8,10.605231,9.42930898912,2341.48600818,0.0267646099194,0.0148922406742,0.12448848784,0.00869815112284,15.9036324098,0,256
neumann_epsilon,..\..\obj\Bunny.obj,100,97,256,9.99999975e-05,2048,8,15.1489157,6.60113251538,1639.19322622,0.0124854255182,0.00870927124639,0.0522016435862,0.00870395824553,32.207876933,0,256
neumann_epsilon,..\..\obj\Bunny.obj,100,97,256,9.99999975e-06,2048,8,17.9185367,5.58081285734,1385.82744873,0.0139836838553,0.00970265074194,0.0567542910576,0.00870920531752,48.8789867912,1,256
neumann_mixed_grid,..\..\obj\Bunny.obj,512,508,256,9.99999975e-05,2048,8,16.1417769,31.7189367176,8056.60992626,0.0119632230828,0.00541470271391,0.0839069262147,0.0047633143217,19.6191252461,0,256
